url,title_tag,topic_summary,traffic
jennifer-roberts-en-us,Jennifer Roberts - Take Action on Change.org,"Jennifer Roberts is an influential figure who has made significant contributions to various causes and movements. She is known for her activism and advocacy work particularly in promoting social justice equality and environmental sustainability. Petitions under this topic often focus on challenging systemic inequalities addressing climate change and advocating for marginalized communities.

One notable petition with thousands of signatures calls for greater diversity and inclusion in corporate leadership highlighting the need for equal opportunities for all individuals. Another petition urges government officials to take decisive action to combat climate change and protect the environment for future generations.

Join the movement by exploring the petitions on Jennifer Roberts topic page and contribute to creating a more just and sustainable world for everyone. Your support can help drive positive change and advance important causes that benefit society as a whole.",235
abcdjosephine-en-us,,,1989
patriot-guard-en-us,Patriot Guard - Take Action on Change.org,"The Patriot Guard is a group of individuals who attend the funerals of fallen servicemen and women to honor and protect them from protests and disruptions. They formed in response to the Westboro Baptist Churchs protests at military funerals. Petitions related to the Patriot Guard focus on supporting their mission recognizing their contributions and advocating for laws to protect funeral sanctity.

One petition with thousands of signatures praises the Patriot Guard for their dedication and calls for expanded recognition of their efforts. Another petition seeks to enact laws that establish a buffer zone around funerals to prevent disruptions and ensure a peaceful farewell for fallen military personnel.

By supporting petitions related to the Patriot Guard individuals can show appreciation for their service help uphold the dignity of military funerals and contribute to ensuring respect and honor for those who have made the ultimate sacrifice for their country. Join the movement to stand with the Patriot Guard and protect the sanctity of military funerals.",87
laura-avelar-en-us,Laura Avelar - Take Action on Change.org,"Laura Avelar is a dedicated environmental activist fighting against deforestation in the Amazon rainforest. Her petitions highlight the urgent need to protect this vital ecosystem and the indigenous communities that rely on it. Recent events like the devastating fires in the Amazon have brought global attention to this issue. Avelars petitions focus on holding corporations and governments accountable for their role in deforestation and advocating for sustainable practices.

One impactful petition by Avelar calls for the preservation of indigenous land rights in the Amazon emphasizing the importance of indigenous-led conservation efforts. Another petition urges companies to adopt deforestation-free policies and support sustainable supply chains.

Join Laura Avelars movement to protect the Amazon and support indigenous communities affected by deforestation. Your action can help raise awareness and pressure decision-makers to take meaningful steps towards environmental conservation.",87
breast-cancer-awareness-en-us,Breast Cancer Awareness - Take Action on Change.org,"Breast cancer awareness is a critical topic that aims to inform and educate individuals about the detection treatment and prevention of breast cancer. It is a significant issue globally as breast cancer is one of the most common cancers affecting women. Recent trends show a growing emphasis on early detection and support for patients undergoing treatment.

Petitions under this topic often focus on increasing funding for research improving access to healthcare services and advocating for better support for breast cancer patients. Notable petitions include those calling for affordable breast cancer screenings for all women and demanding better insurance coverage for breast cancer treatments.

Join the movement to raise awareness about breast cancer and support those affected by the disease. Take action by signing petitions that aim to improve breast cancer care and make a positive impact on public health. Your involvement can make a difference in the fight against breast cancer.",87
carnival-cruise-en-us,Carnival Cruise - Support Change.org Petitions,"Carnival Cruise is a popular topic on Change.org reflecting concerns and frustrations from customers and employees alike. Key issues revolve around safety labor conditions and environmental impact. Petitions call for better safety protocols on board fair treatment of crew members and sustainable practices to reduce pollution in oceans.

One notable petition urges Carnival Cruise to improve safety measures following incidents of onboard accidents and illness outbreaks. Another petition highlights the need for fair wages and improved working conditions for employees citing instances of exploitation within the industry.

By engaging with these petitions you can support the push for accountability and responsibility within the cruise industry. Join the movement to advocate for change and ensure a more ethical and sustainable future for Carnival Cruise and its passengers and crew.",87
chris-brown-en-us,Chris Brown - Support Justice on Change.org,"Chris Brown a controversial figure in the music industry has sparked heated debates and petitions regarding his behavior and treatment of women. Petitions under this topic focus on holding Brown accountable for his history of violence and abuse with calls for him to face legal consequences and be removed from public platforms. One petition supported by thousands calls for Brown to be banned from touring and denied entry into countries where he has faced legal issues related to assault.

These petitions highlight the importance of addressing abuse and violence against women and the need for public figures to be held responsible for their actions. By exploring and supporting these petitions individuals can advocate for justice and change within the music industry and beyond. Take action by adding your voice to the movement against violence and abuse.",9
hate-speech-bill-en-us,Hate Speech Bill - Take Action on Change.org,"Hate speech bills are increasingly becoming a pressing topic worldwide as governments grapple with tackling harmful and discriminatory language online and offline. Recent events have highlighted the consequences of unchecked hate speech leading to calls for legislation to hold perpetrators accountable. Petitions within this topic advocate for stricter regulations on hate speech emphasizing the need to protect marginalized communities and promote a more inclusive society.

One impactful petition with thousands of signatures urges lawmakers to pass a comprehensive hate speech bill that criminalizes derogatory language targeting specific groups based on race religion or sexual orientation. Another petition calls for social media platforms to take a stronger stance against hate speech by implementing stricter moderation policies.

Get involved by supporting these petitions and raising awareness about the detrimental effects of hate speech. Together we can advocate for positive change and foster a more respectful and tolerant society for all.",145
blood-lions-en-us,Stop Blood Lions - Take Action on Change.org,"The topic of blood lions is a critical issue that sheds light on the cruel practice of captive lion breeding and canned hunting in South Africa. Recent trends show a growing global awareness and outrage against the exploitation of these majestic creatures for profit and entertainment. Petitions under this topic focus on banning canned hunting ending the breeding of lions for commercial purposes and promoting ethical wildlife conservation.

One notable petition supported by thousands urges the South African government to enforce stricter regulations and shut down facilities involved in captive lion breeding and hunting. Another petition highlights the plight of captive-bred lions and calls for international collaboration to tackle the issue.

Join the movement to protect blood lions and support sustainable wildlife practices by exploring and signing petitions on this topic. Your action can help prevent the exploitation of these animals and promote conservation efforts in South Africa and beyond.",87
gamevice-en-us,,,13
atomic-bomb-en-us,Atomic Bomb - Support Peace Initiatives on Change.org,"The atomic bomb topic page delves into the history impact and ethical implications of nuclear weapons. This topic remains relevant as countries grapple with disarmament treaties and the threat of nuclear proliferation. Petitions on this topic often call for nuclear disarmament peace negotiations and commemorations for victims of past nuclear attacks.

One petition with thousands of signatures urges world leaders to prioritize nuclear disarmament citing the catastrophic consequences of a potential nuclear war. Another petition advocates for the recognition of nuclear attack survivors and their ongoing efforts to promote peace and nuclear non-proliferation.

Join the movement to advocate for peace nuclear disarmament and the prevention of future nuclear conflicts by exploring the petitions on the atomic bomb topic page. Your support can make a difference in shaping a safer and more peaceful world for all.",87
freerasool-en-us,Free Rasool - Take Action on Change.org,"The topic of freerasool revolves around the global campaign advocating for the freedom of Rasool Abdalla a prominent pro-democracy activist in Bahrain who has been unjustly imprisoned. This topic is significant as it sheds light on human rights violations political repression and the plight of individuals fighting for democratic freedoms in authoritarian regimes. Recent events have sparked international attention with activists and organizations rallying for Rasools release and calling for government accountability.

Key issues and themes in the petitions include condemning political persecution advocating for freedom of expression and demanding justice for Rasool. One petition with thousands of signatures urges Bahraini authorities to release Rasool and end his unjust detention highlighting the impact of political activism on individuals and their families.

Take action by supporting the petitions on the freerasool topic page helping to amplify the voices of those fighting for democracy and human rights. Together we can make a difference in promoting justice and freedom for all individuals like Rasool Abdalla.",87
iron-workers-en-us,Iron Workers - Support Workers' Rights on Change.org,"Iron workers play a crucial role in constructing buildings bridges and other structures with steel. Their work involves heavy lifting welding and high-altitude tasks requiring specialized skills and safety precautions. Recent trends in the construction industry have highlighted the need for improved working conditions and fair wages for iron workers.

Petitions under this topic focus on advocating for better safety regulations fair compensation and training opportunities for iron workers. One petition highlights the dangerous working conditions faced by iron workers and calls for stricter safety standards to prevent accidents on construction sites. Another petition addresses the issue of unequal pay and unfair treatment of iron workers emphasizing the importance of recognizing their hard work and dedication.

Join the movement to support iron workers by exploring the petitions and taking action to improve their working conditions and rights. Your support can make a significant difference in ensuring a safer and more equitable workplace for these essential workers.",235
tedx-en-us,TEDx - Join the Discussion on Change.org,TEDx events provide a platform for individuals to share innovative ideas and insights on a wide range of topics from technology and science to arts and culture. These independently organized TED events have gained popularity globally inspiring audiences and sparking meaningful dialogue. Petitions related to TEDx often focus on expanding diversity and inclusivity in speaker selection advocating for more representation of underrepresented voices and marginalized communities. One notable petition calls for TEDx to feature a more diverse lineup of speakers to reflect the worlds rich tapestry of experiences and perspectives. By engaging with these petitions you can support the push for greater inclusivity and make a meaningful impact on shaping the narrative of TEDx events. Join the movement to promote diversity and equity in TEDx talks and help amplify voices that deserve recognition.,87
immigranten-en-us,Immigration Reform - Take Action on Change.org,"Immigration is a pivotal topic with global significance sparking debates on cultural diversity economic impact and human rights. Recent trends show a rising number of petitions addressing immigrant rights and policies reflecting the ongoing challenges faced by migrants worldwide. Key issues and themes in these petitions include calls for fair immigration reform protection of refugee rights and the end of family separation at borders.

Notable petitions with widespread support advocate for comprehensive immigration reform to provide pathways to citizenship for undocumented immigrants. Another petition gaining traction emphasizes the importance of upholding the rights of asylum seekers and refugees particularly in light of humanitarian crises.

Join the movement by exploring these petitions and taking action. Your support can make a difference in shaping inclusive immigration policies promoting social justice and creating a more welcoming society for all.",387
sgt-rollins-en-us,Sgt Rollins - Support Police Reform on Change.org,"Sgt. Rollins is a topic page dedicated to raising awareness about police brutality and advocating for accountability within law enforcement. Recent events have highlighted the systemic issues of racial profiling and excessive use of force by police officers. Petitions under this topic address the need for police reform transparency and justice for victims of police violence.

One prominent petition calls for the prosecution of officers involved in the fatal shooting of Sgt. Rollins a Black man emphasizing the importance of holding law enforcement accountable for their actions. Another petition urges for the implementation of body cameras for all police officers to increase transparency and prevent misconduct.

Join the movement to demand justice equality and accountability in policing. Your support can make a difference in creating a safer and more just society for all individuals impacted by police brutality.",87
parole-hearing-en-us,Parole Hearing - Take Action on Change.org,"The topic of parole hearings holds significant importance in criminal justice systems worldwide. Petitions on this topic often advocate for fair and just parole decisions highlighting the need for rehabilitation and second chances for individuals in the justice system. Key issues and themes in these petitions include calls for transparency in parole board decisions support for leniency for non-violent offenders and opposition to parole denials based on outdated or biased reasoning.

Notable petitions in this realm include campaigns to grant parole to individuals serving excessively long sentences for non-violent crimes and to reform parole board procedures to ensure impartiality and consideration of rehabilitation efforts. These petitions emphasize the impact of parole decisions on individuals lives and communities.

Join the movement to support fair and compassionate parole practices by exploring the petitions on this topic. Your involvement can make a difference in advocating for justice and second chances in the criminal justice system.",235
alex-danvers-en-us,,,371
lgbtti-en-us,LGBTQ Rights - Support Equality on Change.org,The topic of LGBTI rights is crucial for promoting equality and acceptance in society. Petitions in this category focus on advocating for marriage equality anti-discrimination laws and transgender rights. Notable petitions have successfully pushed for legal recognition of same-sex marriage and protection against discrimination based on sexual orientation or gender identity. One petition with thousands of signatures calls for inclusive healthcare policies for transgender individuals highlighting the need for equal access to medical services. Explore the diverse range of petitions under this topic to support the LGBTQ+ community and work towards a more inclusive society. Your involvement can make a significant impact in advancing the rights and dignity of LGBTI individuals worldwide.,235
policlinico-tor-vergata-en-us,Policlinico Tor Vergata - Take Action on Change.org,"Policlinico Tor Vergata is a hospital and medical center located in Rome Italy known for providing a wide range of healthcare services to the community. Recent trends in the healthcare industry have seen an increased focus on patient-centered care and innovative medical treatments making Policlinico Tor Vergata a hub for cutting-edge research and quality healthcare.

Key petitions related to Policlinico Tor Vergata focus on improving patient access to healthcare services advocating for better working conditions for medical staff and calling for increased funding for medical research. One petition with thousands of signatures urges the hospital to enhance its mental health services and support for patients in need. Another petition highlights the importance of investing in medical research to advance treatments and find cures for various health conditions.

Join the movement to support Policlinico Tor Vergata in their mission to provide top-notch healthcare services and drive medical innovation. Your involvement can make a significant impact on the quality of healthcare in Rome and beyond.",87
tutuklu-hakları-en-us,Tutuklu Hakları - Take Action on Change.org,"Tutuklu hakları yasal hakların korunması ve insan haklarının savunulmasını hedefleyen önemli bir konudur. Türkiyede tutuklu kişilerin adil yargılanma sağlık hizmetlerine erişim ve insanlık dışı muamele gibi konularda yaşadığı sorunlar büyük bir endişe kaynağıdır. Petisyonlar genellikle tutukluların haklarını desteklemek ve adaletin sağlanmasını talep etmek üzerine odaklanmaktadır.

Öne çıkan bir petisyon tutuklular için adil yargılanma hakkının güvence altına alınmasını talep etmekte ve adalet sistemindeki eksikliklere dikkat çekmektedir. Bir diğer dikkat çeken konu ise tutukluların insanlık dışı muameleye maruz kalmaması ve sağlık hizmetlerine erişimlerinin sağlanmasıdır.

Bu önemli konuda açılan petisyonları inceleyerek tutuklu haklarına destek olabilir ve adalete katkı sağlayabilirsiniz. İmzanız tutuklu kişilerin yaşadığı sorunların çözümüne yardımcı olabilir ve insan haklarına verilen önemi vurgulayabilir.",457
cancel-2016-en-us,,,14
minecraft-survival-games-en-us,Minecraft Survival Games - Take Action on Change.org,"The topic of Minecraft Survival Games on Change.org highlights the popular virtual game mode that challenges players to survive and outlast each other in a competitive environment. With a strong community of gamers passionate about this mode petitions often focus on improving gameplay addressing issues with servers or updates and advocating for fair play. 

One notable petition supported by thousands of players calls for better anti-cheat measures to combat cheating and hacking in Survival Games matches. Another petition aims to amplify the voices of marginalized players by urging game developers to address diversity and inclusion within the gaming community.

Exploring these petitions provides insight into the concerns and priorities of Minecraft Survival Games enthusiasts. Joining the movement to support these causes can help shape a more enjoyable and inclusive gaming experience for all players. Take action now to make a difference in the virtual world of Minecraft Survival Games.",87
vin-scully-en-us,Vin Scully - Support Change.org Petitions,"Vin Scully a legendary sportscaster known for his iconic voice and decades-long career with the Los Angeles Dodgers remains a beloved figure in the world of baseball. Petitions related to Vin Scully often focus on honoring his contributions to the sport and advocating for recognition of his legacy.

One petition with thousands of signatures calls for Scully to be inducted into the National Baseball Hall of Fame for his unmatched storytelling and dedication to the game. Another petition highlights Scullys impact on fans and the community urging for a statue or a street to be named in his honor.

Join the movement to celebrate Vin Scullys remarkable career and ensure his legacy is preserved for future generations. Your support can help honor a true legend of baseball and cement his place in history.",87
american-pediatric-association-en-us,American Pediatric Association - Support Child Health on Change.org,"The American Pediatric Association (APA) plays a crucial role in promoting the health and well-being of children in the United States. This topic page highlights petitions that address various issues affecting childrens health safety and rights. Key themes include advocating for access to healthcare supporting legislation to protect children from harm and raising awareness about mental health issues among youth.

Notable petitions within this topic call for increased funding for pediatric healthcare services stricter regulations on harmful products targeting children and improved resources for mental health support in schools. These petitions aim to create a better future for Americas youth by addressing pressing concerns and advocating for positive change.

Get involved by exploring the petitions on the APA topic page and adding your voice to the collective effort to prioritize childrens health and well-being. Together we can make a significant impact on the lives of the next generation.",235
bottled-water-en-us,Bottled Water - Take Action on Change.org,"Bottled water consumption is a pervasive global issue that raises concerns about environmental sustainability and plastic waste. The topic highlights petitions calling for reduced single-use plastic production increased access to clean drinking water and improved recycling initiatives. 

One petition supported by thousands urges major corporations to reduce plastic bottle usage and invest in eco-friendly packaging alternatives. Another petition advocates for stricter regulations on bottling companies to prevent water depletion and pollution of natural resources.

By exploring the petitions on bottled water individuals can contribute to the movement towards a more sustainable future. Join the cause to reduce plastic waste protect our planets water sources and promote responsible consumption practices. Take action today to make a positive impact on the environment and our communities.",87
harbor-freight-en-us,Harbor Freight - Support Worker Rights on Change.org,Harbor Freight tools and equipment serve as a popular choice for consumers seeking affordable and reliable products for various projects. Petitions related to Harbor Freight on Change.org highlight issues such as product quality customer service and environmental impact. One petition urging Harbor Freight to improve product quality and customer service has amassed a significant following citing instances of dissatisfaction with purchased items and the companys response. Another petition advocates for Harbor Freight to adopt more sustainable practices to reduce its environmental footprint. By engaging with these petitions and supporting the calls for change individuals can influence Harbor Freights business practices and contribute to a more consumer-friendly and environmentally conscious industry. Join the movement to hold Harbor Freight accountable and drive positive changes in the way tools and equipment are manufactured and sold.,207
veryfaketag-en-us,,,608
amber-canavan-en-us,Amber Canavan - Take Action on Change.org,The topic of Amber Canavan sheds light on the fight for justice and accountability in cases of police brutality and racial discrimination. Amid growing concerns about systemic racism petitions under this topic demand transparency accountability and reforms within law enforcement agencies. One petition calls for the prosecution of officers involved in unjust killings while another seeks to defund the police and reallocate resources to community programs. These petitions highlight the need for structural changes to address racial bias and prevent future tragedies. By exploring and supporting these petitions you can contribute to the ongoing efforts to promote equality and justice in our society. Let your voice be heard in the fight against racial injustice and advocate for a more equitable and safe community for all.,87
easton-police-department-en-us,Easton Police Department - Support Police Accountability on Change.org,"The Easton Police Department topic page on Change.org addresses issues related to police practices accountability and community relations within the Easton area. Petitions on this topic cover a range of issues including calls for increased transparency improved training on de-escalation tactics and addressing allegations of misconduct within the department.

One petition with thousands of signatures urges the department to implement body cameras to enhance accountability and trust between officers and the community. Another petition highlights concerns about racial profiling and discrimination pushing for reforms to address systemic biases in policing.

By exploring the petitions on the Easton Police Department topic page individuals can support efforts to promote fairness accountability and community-oriented policing practices. Join the movement to advocate for positive change and ensure that law enforcement serves the interests of all community members fairly and justly.",87
cbse-exam-en-us,CBSE Exam - Take Action on Change.org,"The CBSE exam topic page delves into the challenges and controversies surrounding the Central Board of Secondary Education (CBSE) examinations in India. As one of the largest education boards in the country CBSE conducts crucial exams that impact millions of students. Recent trends have highlighted issues like question paper leaks exam cancellations and discrepancies in evaluation.

Petitions within this topic focus on demanding fair evaluation practices transparent exam procedures and accountability from the board. For example a petition addressing the leak of question papers garnered widespread support for holding perpetrators accountable and ensuring the integrity of exams.

By exploring and supporting these petitions you can contribute to the fight for a more equitable and reliable examination system. Your involvement can drive positive change in education and empower students to pursue their academic aspirations with confidence.",87
entertainnment-en-us,Entertainment - Take Action on Change.org,"Entertainment plays a crucial role in society offering enjoyment escapism and cultural reflection. This topic encompasses a wide range of petitions related to various aspects of entertainment from advocating for diversity and representation in media to calling out harmful practices in the industry. Petitions may address issues such as demanding fair pay for actors and crew members pushing for more inclusive casting choices or supporting content that promotes positive social change.

One notable petition with thousands of signatures calls for equal pay for actresses in Hollywood highlighting disparities between male and female actors. Another petition focuses on increasing diversity in film and television by urging production companies to cast more actors from underrepresented communities.

Join the movement to advocate for a more inclusive ethical and diverse entertainment industry. Your support can help drive positive change and ensure that entertainment reflects the rich tapestry of our society.",207
studenti-en-us,Student Rights - Take Action on Change.org,"The topic of studenti is a significant issue in todays society reflecting the challenges and experiences of students in educational settings. Recent trends show an increase in petitions addressing student rights mental health support and educational equity. Key themes in these petitions include demanding fair treatment for students advocating for improved mental health services on campuses and calling for equal access to quality education for all students.

Notable petitions have gained attention for issues such as combating student loan debt promoting diversity and inclusion in schools and ensuring safe learning environments for students. For example a petition with thousands of signatures calls for increased mental health resources in schools highlighting the growing need for student support services.

Join the movement by exploring the petitions on studenti and amplifying the voices of students. Your involvement can lead to positive changes in education and empower students to thrive in their academic journeys.",51
chris-neil-en-us,Chris Neil - Join the Fight on Change.org,"Chris Neil a professional hockey player is a well-known figure in the sports world. With a career spanning over a decade in the NHL Neil has gained a loyal fan base and respect among his peers. Recent petitions related to him focus on honoring his contributions to the sport and advocating for his induction into the Hockey Hall of Fame.

One petition with thousands of signatures praises Neils grit and leadership on the ice highlighting his impact on the game and his community involvement. Another petition calls for the NHL to recognize Neils dedication to the sport and his role as a veteran player.

Join the movement to celebrate Chris Neils legacy and support his Hall of Fame induction. Your participation can help recognize his achievements and ensure his lasting impact on the hockey world.",87
chapel-hill-transit-en-us,Chapel Hill Transit - Join the Movement on Change.org,"Chapel Hill Transit is a crucial public transportation system serving the Chapel Hill Carrboro and UNC communities in North Carolina. Recent discussions have focused on improving accessibility reliability and sustainability of the transit service to meet the growing demand and address environmental concerns.

Petitions within this topic highlight the need for expanded routes reduced fares and increased frequency of services to better serve residents students and workers. One petition gaining traction calls for free public transportation to reduce traffic congestion and promote eco-friendly transportation options. Another petition advocates for more wheelchair-accessible buses to ensure inclusivity for all riders.

Join the movement to push for a more efficient and sustainable Chapel Hill Transit system. Your support can lead to positive changes that benefit the community and the environment. Explore the petitions today and take action for a better public transportation system in Chapel Hill.",87
usmc-ega-en-us,USMC EGA - Support Military Veterans on Change.org,"USMC EGA or United States Marine Corps Eagle Globe and Anchor insignia is a symbol of pride and honor for Marines worldwide. This iconic emblem represents the values of the Marine Corps including bravery loyalty and commitment to service. Petitions related to USMC EGA often focus on honoring and supporting Marines advocating for better benefits and preserving Marine Corps traditions.

One petition calls for increased resources for veterans struggling with post-traumatic stress disorder (PTSD) highlighting the mental health challenges many Marines face after their service. Another petition aims to protect Marine Corps traditions and history from being altered or forgotten.

Join the movement to show your support for Marines and their families by exploring the petitions under the USMC EGA topic. Your involvement can make a meaningful impact on the lives of those who have served our country with valor and dedication.",87
mud-drags-en-us,Mud Drags - Support Off-Road Petitions on Change.org,"Mud drags are off-road racing events where vehicles compete in races through deep mud pits testing their speed and power in challenging conditions. These events have gained popularity in recent years attracting adrenaline junkies and off-road enthusiasts alike. 

Key issues and themes in mud drags petitions include promoting safety measures at events advocating for environmental conservation in off-road areas and addressing noise pollution concerns in communities hosting these races. 

One notable petition calls for stricter safety regulations at mud drag events to prevent accidents and injuries while another highlights the importance of preserving natural habitats affected by off-road activities.

Join the movement to support responsible off-road racing practices and ensure the sustainability of mud drag events. Your involvement can help promote safety protect the environment and foster a positive relationship between the off-road community and the public.",235
skip-bryant-en-us,Skip Bryant - Take Action on Change.org,"Skip Bryant was a dedicated police officer who tragically lost his life in the line of duty during a routine traffic stop. The petitions under this topic seek justice for Skip Bryant and advocate for safer working conditions for law enforcement officers.

One petition with thousands of signatures calls for stricter penalties for individuals who harm or kill police officers. Another petition highlights the need for improved training and resources for police officers to prevent similar tragedies in the future.

By exploring the petitions on Skip Bryants topic page you can support the call for justice and safety for law enforcement officers. Your action can make a meaningful impact in honoring Skip Bryants memory and ensuring the well-being of those who protect and serve our communities.",87
war-on-christmas-en-us,War on Christmas - Take Action on Change.org,The War on Christmas topic explores the debate around the holiday season and challenges to traditional Christmas expressions in public spaces. Various petitions address issues like the removal of nativity scenes the use of Happy Holidays instead of Merry Christmas and the perceived secularization of Christmas celebrations. One petition with thousands of signatures calls for preserving the cultural and religious significance of Christmas by allowing traditional displays in public areas. Another petition advocates for inclusive language during the holiday season to respect diverse beliefs and promote unity. By engaging with these petitions you can support the protection of Christmas traditions or advocate for a more inclusive approach to holiday celebrations. Join the conversation and make your voice heard on this contentious topic.,407
stop-online-piracy-act-en-us,Stop Online Piracy Act - Support Internet Freedom on Change.org,"The Stop Online Piracy Act (SOPA) is a hotly debated topic that addresses the issue of online piracy and copyright infringement. This legislation aims to combat websites that host pirated content but critics argue that it could stifle freedom of expression and innovation on the internet. Recent trends have seen a rise in petitions urging lawmakers to reconsider SOPA and its potential impact on online freedom.

Key petitions under this topic highlight concerns about censorship loss of privacy and the power of corporations to control online content. One petition with thousands of signatures calls for the protection of online freedom and creativity emphasizing the importance of balancing copyright protection with internet rights.

Join the movement to oppose SOPA and protect online freedoms by exploring the petitions on this topic. Your support can help safeguard a free and open internet for all.",87
felecia-manson-en-us,Felecia Manson - Take Action on Change.org,"Felecia Manson is a topic that has gained attention due to her advocacy work and fight for justice in cases of police brutality and racial discrimination. Her petitions often focus on seeking accountability for law enforcement officers involved in wrongful actions and promoting racial equality within the criminal justice system.

Key issues and themes in the petitions related to Felecia Manson include police accountability racial justice and the need for systemic reform in law enforcement agencies. One notable petition with widespread support calls for the prosecution of officers responsible for the wrongful death of an unarmed black man highlighting the urgency of addressing police violence against marginalized communities.

By exploring the petitions associated with Felecia Manson individuals can contribute to the movement for justice and equality. Join the fight for change by signing petitions that advocate for accountability and fairness in the criminal justice system. Make your voice heard and support efforts to create a more just society for all.",235
friends-academy-en-us,Friends Academy - Support Education on Change.org,"Friends Academy a topic page on Change.org highlights the importance of education and community involvement. Petitions under this topic focus on improving school policies supporting teachers and creating a safe and inclusive environment for students. Recent trends in education such as the shift to remote learning during the COVID-19 pandemic have influenced the petitions and calls for action.

Key issues and themes in these petitions include advocating for mental health resources in schools addressing bullying and discrimination and promoting diversity and inclusion in curriculum. One notable petition with thousands of signatures urges schools to provide comprehensive mental health support for students highlighting the growing need for mental health services in educational settings.

Join the movement on Friends Academy topic page to support positive changes in education and empower students and teachers alike. Your involvement can help create a supportive and nurturing environment for the future generation.",1
prisonniers-politiques-en-us,,,135
arielle-die-meerjungfrau-en-us,,,85
sticker-star-en-us,Sticker Star - Take Action on Change.org,"Sticker star is a popular topic on Change.org where creators advocate for the removal of the controversial character from the Mario franchise. Recent petitions highlight the dissatisfaction of fans with Sticker Stars gameplay mechanics and overall impact on the series. Petitions often call for a return to the classic elements that made earlier games successful such as engaging storytelling and challenging puzzles.

One petition signed by thousands of supporters urges Nintendo to listen to fan feedback and consider a new direction for the franchise. Another petition emphasizes the importance of honoring the roots of the Mario series and creating games that resonate with longtime fans.

Join the movement to bring back the magic of Mario with engaging stories and challenging gameplay. Your support can influence game developers to prioritize fan feedback and revitalize the beloved franchise.",87
chief-of-police-en-us,Chief of Police - Take Action on Change.org,"The topic of Chief of Police holds significant importance in addressing issues related to law enforcement community safety and accountability. Petitions under this topic often focus on calling for the removal of corrupt or ineffective police chiefs demanding transparency in police operations and advocating for reforms to address racial bias and excessive use of force.

Notable petitions have gained traction by highlighting specific cases of police misconduct or inadequacies in handling critical situations. For example one petition urging the removal of a police chief accused of mishandling investigations into police brutality incidents has garnered widespread support.

By exploring the petitions related to the topic of Chief of Police individuals can take part in advocating for a more just and accountable law enforcement system. Your involvement in supporting these petitions can contribute to fostering positive change in police departments and promoting community trust and safety.",87
veterans-monuments-en-us,Veterans Monuments - Support Veterans on Change.org,"Veterans monuments hold significant historical and cultural importance honoring the sacrifices and service of military personnel in various conflicts. Recent trends show efforts to protect and preserve these monuments from vandalism and destruction highlighting the ongoing reverence for veterans in society. 

Petitions related to veterans monuments often advocate for the maintenance and respect of these sites condemning any acts of desecration. One petition garnering widespread support calls for increased security measures to safeguard veterans memorials from damage.

By exploring these petitions you can show your support for the preservation of veterans monuments and contribute to the collective effort to uphold the memory of those who have served. Join the cause to protect these important landmarks and ensure they remain a symbol of gratitude and remembrance for future generations.",68
sharon-duffy-en-us,Support Sharon Duffy - Take Action on Change.org,Sharon Duffy is a well-known advocate for disability rights and accessibility. Her work has brought attention to the challenges faced by individuals with disabilities and the need for inclusive policies and practices. Petitions under this topic address issues such as equal access to education employment opportunities and healthcare services for people with disabilities. One notable petition calls for government funding to support disability rights organizations and improve accessibility in public spaces. By supporting these petitions you can help create a more equitable and inclusive society for individuals with disabilities. Join the movement to amplify Sharon Duffys message and advocate for essential changes that benefit all members of the community.,87
stop-expansion-en-us,Stop Expansion - Take Action on Change.org,"The topic of stop expansion addresses concerns over the expansion of various industries or infrastructure projects that may have negative impacts on communities and the environment. Petitions under this topic often focus on halting the construction of new developments such as highways pipelines or industrial facilities that could harm local ecosystems or displace residents.

One notable petition with thousands of signatures calls for stopping the expansion of a coal mine that threatens water quality and wildlife habitats in a rural area. Another petition targets the expansion of a landfill near a residential neighborhood highlighting health concerns and pollution issues.

By exploring and supporting petitions on stopping expansion you can play a role in protecting communities and the environment from harmful development projects. Get involved in this important cause to advocate for sustainable and responsible growth practices. Together we can make a difference and create a safer healthier world for all.",104
general-dog-cat-hospital-en-us,Animal Welfare - Support Petitions on Change.org,"The topic of general dog & cat hospitals addresses the importance of providing medical care for beloved pets. Pet owners seek quality veterinary services to ensure the well-being of their furry companions. Recent trends show a growing demand for specialized care including preventive treatments surgeries and emergency services for dogs and cats.

Petitions under this topic often focus on improving access to affordable veterinary care advocating for stricter regulations in pet healthcare and supporting initiatives to prevent animal cruelty. Notable petitions call for increased funding for low-cost clinics raising awareness about responsible pet ownership and supporting animal welfare laws.

Join the movement to support our furry friends by exploring the petitions on general dog & cat hospitals. Your involvement can help improve the quality of care for pets in need and create a healthier environment for our four-legged family members.",87
this-is-a-human-right-en-us,Human Rights - Take Action on Change.org,"The topic of this is a human right focuses on advocating for fundamental rights and equality for all individuals. Petitions under this topic address various human rights issues such as racial equality LGBTQ+ rights gender equality and access to healthcare and education.

One petition with significant traction calls for racial justice and police reform highlighting systemic racism and police brutality. Another petition advocates for LGBTQ+ rights and equality emphasizing the importance of acceptance and inclusivity. Additionally petitions addressing womens rights and healthcare access have gained widespread support pushing for gender equality and affordable healthcare for all.

By exploring the petitions under this topic individuals can support the fight for human rights and equality worldwide. Signing petitions and getting involved in these causes can create meaningful change and ensure that everyones rights are upheld. Stand up for what is right and make a difference in the world by joining these movements.",89
south-african-national-parks-en-us,South African National Parks - Take Action on Change.org,"South African national parks are vital conservation areas that showcase the countrys rich biodiversity and stunning landscapes. These parks play a crucial role in protecting endangered species promoting eco-tourism and preserving natural habitats. Recent trends show an increase in poaching activities threatening the lives of iconic wildlife like rhinos and elephants.

Petitions addressing South African national parks focus on various issues including tightening security measures to combat poaching improving park infrastructure for visitor safety and accessibility and ensuring sustainable management practices. One notable petition with thousands of signatures calls for stricter penalties for poachers to deter illegal wildlife trade.

By exploring and supporting petitions related to South African national parks individuals can contribute to the preservation of these natural treasures and advocate for responsible conservation efforts. Take action today to safeguard these parks for future generations and promote sustainable wildlife management practices.",87
subway-trains-en-us,Subway Trains - Support Public Transportation on Change.org,"Subway trains are an essential mode of transportation in urban areas serving millions of commuters daily. Recent trends in subway train petitions focus on improving safety measures expanding accessibility for people with disabilities and addressing overcrowding issues. Notable petitions include calls for increased security on trains to prevent harassment and crime as well as demands for better accommodations for riders with mobility challenges.

One petition with thousands of signatures urges subway authorities to install more elevators and ramps at stations to enhance accessibility for all passengers. Another petition highlights the need for increased mental health support services in subway systems to address incidents of distress among riders.

Join the movement to advocate for better subway train services by exploring and supporting the petitions on this topic. Your participation can contribute to creating a safer and more inclusive public transportation system for all.",106
sudden-cardiac-arrest-en-us,Sudden Cardiac Arrest - Take Action on Change.org,"Sudden Cardiac Arrest (SCA) is a life-threatening condition that can strike anyone anytime anywhere regardless of age or fitness level. It occurs when the heart suddenly stops beating leading to a loss of blood flow to the brain and other vital organs. Petitions under this topic advocate for greater access to automated external defibrillators (AEDs) in public spaces as quick access to defibrillation can greatly increase the chances of survival for SCA victims.

One petition with thousands of signatures calls for mandatory AEDs in schools and sports facilities to protect students and athletes from SCA-related tragedies. Another petition highlights the need for broader AED training programs to equip more individuals with the knowledge and skills to respond effectively to SCA emergencies.

Join the movement to raise awareness about SCA and push for policies that can save lives. Your support can help create safer environments and improve survival rates for SCA incidents.",87
wnem-en-us,End Gun Violence - Take Action on Change.org,"WNEM is a topic that covers a wide range of petitions related to environmental advocacy and climate change. The significance of this topic lies in the urgent need for collective action to address environmental issues and protect our planet for future generations. Recent events and trends have highlighted the devastating consequences of climate change from extreme weather events to dwindling biodiversity.

Key issues and themes in WNEM petitions include combating deforestation promoting renewable energy sources and calling for stronger regulations on pollution. One notable petition calls for the protection of a critical wildlife habitat threatened by industrial development garnering widespread support from conservationists and concerned citizens.

Join the movement by exploring the petitions under WNEM and adding your voice to the call for environmental conservation. Your support can make a tangible impact in preserving our planet and fostering a more sustainable future for all.",104
sdot-en-us,Seattle Department of Transportation (SDOT) - Take Action on Change.org,"Sdot is a platform that hosts a variety of petitions on a range of issues allowing users to engage in activism and drive change on important societal issues. From environmental conservation to social justice petitions on Sdot cover a wide spectrum of topics and aim to amplify the voices of individuals who are passionate about making a difference. Recent events and trending topics often drive the creation of petitions sparking conversations and calls for action across the platform. Key issues and themes on Sdot include environmental sustainability human rights animal welfare and more. Notable petitions on the platform have garnered significant support and media attention highlighting the power of collective action in addressing key issues. By exploring and supporting petitions on Sdot individuals can contribute to meaningful change and play a role in shaping a better future for communities worldwide.
",235
pavilion-en-us,Pavilion - Take Action on Change.org,"Pavilions are versatile structures that serve various purposes from hosting events to providing shelter in outdoor spaces. These temporary or permanent buildings are popular for weddings concerts and community gatherings. Petitions related to pavilions may call for better maintenance of public pavilions increased accessibility for people with disabilities or funding for new pavilion projects in parks and recreational areas.

One petition with significant support advocates for renovating a deteriorating public pavilion in a local park to provide a safe and welcoming venue for community events. Another petition highlights the importance of making pavilions more inclusive by adding ramps and other accessibility features for individuals with disabilities.

Engage with these petitions to support the improvement of public spaces and ensure that pavilions can be enjoyed by all. Your involvement can make a difference in creating more inclusive and vibrant communities.",629
cannabis-oil-en-us,Cannabis Oil - Support Health Petitions on Change.org,"Cannabis oil also known as CBD oil is a topic that has gained significant attention and support in recent years. The use of cannabis oil for various health conditions such as chronic pain anxiety and epilepsy has sparked a wave of petitions calling for the legalization and accessibility of this alternative treatment. 